browser,backend,case,resolution,variant,bytes,median_ms,p95_ms,worker_round_trip_ms,render_only_ms,upload_share_ms,exact
chrome,webgl,exactness,,rg8 every code 256x256,,,,,,,true
chrome,webgl,exactness,,rg8 odd width 1279x52,,,,,,,true
chrome,webgl,exactness,,r8 preview codes 256x4,,,,,,,true
chrome,webgl,exactness,,r8 preview codes odd width 1279x3,,,,,,,true
chrome,webgpu,exactness,,rg8 every code 256x256,,,,,,,true
chrome,webgpu,exactness,,rg8 odd width 1279x52,,,,,,,true
chrome,webgpu,exactness,,r8 preview codes 256x4,,,,,,,true
chrome,webgpu,exactness,,r8 preview codes odd width 1279x3,,,,,,,true
chrome,,decode,720p,png16 up,1021990,6.45,6.78,6.52,,,true
chrome,,decode,720p,png16 up (research prototype decoder),1021990,10.06,10.71,,,,true
chrome,,decode,720p,png16 sub,1010177,6.05,6.26,6.11,,,true
chrome,,decode,720p,png16 none,1150417,5.92,6.04,6.06,,,true
chrome,,decode,720p,png16 average,1033731,6.27,6.66,6.32,,,true
chrome,,decode,720p,png16 paeth,1022022,10.73,11.14,10.97,,,true
chrome,,decode,720p,png16 paeth (research prototype decoder),1022022,14.99,16.13,,,,true
chrome,,decode,720p,png16 paeth-up-mix,1023327,9.19,9.69,9.43,,,true
chrome,,decode,720p,png16 paeth-up-mix (research prototype decoder),1023327,13.71,14.57,,,,true
chrome,,decode,720p,png16 adaptive,1013554,6.82,7.73,6.77,,,true
chrome,,decode,720p,u16 row-delta + gzip (reference),970114,6.20,8.17,,,,true
chrome,,decode,1080p,png16 up,2326545,13.79,14.72,13.86,,,true
chrome,,decode,1080p,png16 up (research prototype decoder),2326545,22.35,22.89,,,,true
chrome,,decode,1080p,png16 sub,2315505,13.32,14.37,13.28,,,true
chrome,,decode,1080p,png16 none,2650747,13.23,14.36,13.19,,,true
chrome,,decode,1080p,png16 average,2314208,14.06,15.53,13.88,,,true
chrome,,decode,1080p,png16 paeth,2338154,24.06,25.14,24.23,,,true
chrome,,decode,1080p,png16 paeth (research prototype decoder),2338154,33.29,34.18,,,,true
chrome,,decode,1080p,png16 paeth-up-mix,2335941,20.70,21.49,20.88,,,true
chrome,,decode,1080p,png16 paeth-up-mix (research prototype decoder),2335941,29.83,30.65,,,,true
chrome,,decode,1080p,png16 adaptive,2316402,13.92,15.10,14.08,,,true
chrome,,decode,1080p,u16 row-delta + gzip (reference),2292042,13.61,15.47,,,,true
chrome,,decode,4K,png16 up,9245601,55.29,57.05,61.63,,,true
chrome,,decode,4K,png16 up (research prototype decoder),9245601,89.03,90.55,,,,true
chrome,,decode,4K,png16 sub,9203458,52.20,54.63,52.53,,,true
chrome,,decode,4K,png16 none,10491575,53.35,56.31,52.24,,,true
chrome,,decode,4K,png16 average,9177658,55.93,58.05,56.20,,,true
chrome,,decode,4K,png16 paeth,9293701,97.26,100.00,96.57,,,true
chrome,,decode,4K,png16 paeth (research prototype decoder),9293701,133.32,134.53,,,,true
chrome,,decode,4K,png16 paeth-up-mix,9280822,82.69,85.09,82.85,,,true
chrome,,decode,4K,png16 paeth-up-mix (research prototype decoder),9280822,117.74,119.27,,,,true
chrome,,decode,4K,png16 adaptive,9196175,55.58,57.79,55.51,,,true
chrome,,decode,4K,u16 row-delta + gzip (reference),9126982,55.45,56.23,,,,true
chrome,webgl,upload-render,720p,exact rg8,1843200,0.80,1.15,,0.48,0.32,
chrome,webgl,upload-render,720p,preview r8,921600,0.67,0.83,,0.46,0.21,
chrome,webgl,upload-render,720p,exact rg8 half-size map (edge-aware),460800,0.62,0.75,,0.53,0.08,
chrome,webgl,upload-render,1080p,exact rg8,4147200,1.13,1.36,,0.41,0.72,
chrome,webgl,upload-render,1080p,preview r8,2073600,0.88,1.07,,0.60,0.29,
chrome,webgl,upload-render,1080p,exact rg8 half-size map (edge-aware),1036800,0.88,1.28,,0.67,0.21,
chrome,webgl,upload-render,4K,exact rg8,16588800,3.63,3.95,,0.88,2.74,
chrome,webgl,upload-render,4K,preview r8,8294400,2.04,2.62,,0.88,1.16,
chrome,webgl,upload-render,4K,exact rg8 half-size map (edge-aware),4147200,1.78,2.24,,1.01,0.77,
chrome,webgpu,upload-render,720p,exact rg8,1843200,1.11,1.35,,0.52,0.59,
chrome,webgpu,upload-render,720p,preview r8,921600,0.81,1.44,,0.54,0.27,
chrome,webgpu,upload-render,720p,exact rg8 half-size map (edge-aware),460800,0.74,1.23,,0.55,0.19,
chrome,webgpu,upload-render,1080p,exact rg8,4147200,2.55,2.79,,0.58,1.97,
chrome,webgpu,upload-render,1080p,preview r8,2073600,1.17,1.35,,0.57,0.61,
chrome,webgpu,upload-render,1080p,exact rg8 half-size map (edge-aware),1036800,1.03,1.16,,0.68,0.36,
chrome,webgpu,upload-render,4K,exact rg8,16588800,4.02,4.59,,0.95,3.07,
chrome,webgpu,upload-render,4K,preview r8,8294400,2.19,2.37,,0.95,1.24,
chrome,webgpu,upload-render,4K,exact rg8 half-size map (edge-aware),4147200,2.88,3.36,,0.63,2.24,
firefox,webgl,exactness,,rg8 every code 256x256,,,,,,,true
firefox,webgl,exactness,,rg8 odd width 1279x52,,,,,,,true
firefox,webgl,exactness,,r8 preview codes 256x4,,,,,,,true
firefox,webgl,exactness,,r8 preview codes odd width 1279x3,,,,,,,true
firefox,,decode,720p,png16 up,1018137,6.56,6.84,6.70,,,true
firefox,,decode,720p,png16 up (research prototype decoder),1018137,10.18,12.46,,,,true
firefox,,decode,720p,png16 sub,1008305,6.30,6.52,6.34,,,true
firefox,,decode,720p,png16 none,1148977,6.02,6.22,6.10,,,true
firefox,,decode,720p,png16 average,1029604,6.54,9.68,6.74,,,true
firefox,,decode,720p,png16 paeth,1018400,14.28,14.62,14.56,,,true
firefox,,decode,720p,png16 paeth (research prototype decoder),1018400,15.14,16.36,,,,true
firefox,,decode,720p,png16 paeth-up-mix,1019574,11.80,12.46,11.92,,,true
firefox,,decode,720p,png16 paeth-up-mix (research prototype decoder),1019574,13.38,14.00,,,,true
firefox,,decode,720p,png16 adaptive,1011472,7.46,7.92,7.46,,,true
firefox,,decode,720p,u16 row-delta + gzip (reference),969111,6.98,11.18,,,,true
firefox,,decode,1080p,png16 up,2308725,14.26,14.60,14.48,,,true
firefox,,decode,1080p,png16 up (research prototype decoder),2308725,21.96,23.14,,,,true
firefox,,decode,1080p,png16 sub,2298368,13.38,13.68,13.68,,,true
firefox,,decode,1080p,png16 none,2639602,13.18,13.74,13.44,,,true
firefox,,decode,1080p,png16 average,2297055,14.64,15.02,14.52,,,true
firefox,,decode,1080p,png16 paeth,2320706,31.54,32.04,31.74,,,true
firefox,,decode,1080p,png16 paeth (research prototype decoder),2320706,33.10,36.18,,,,true
firefox,,decode,1080p,png16 paeth-up-mix,2318018,25.82,26.30,26.16,,,true
firefox,,decode,1080p,png16 paeth-up-mix (research prototype decoder),2318018,29.56,31.40,,,,true
firefox,,decode,1080p,png16 adaptive,2299727,14.48,16.70,15.00,,,true
firefox,,decode,1080p,u16 row-delta + gzip (reference),2277424,15.28,15.78,,,,true
firefox,,decode,4K,png16 up,9171379,56.22,60.26,57.30,,,true
firefox,,decode,4K,png16 up (research prototype decoder),9171379,86.58,89.24,,,,true
firefox,,decode,4K,png16 sub,9132018,53.42,55.40,53.66,,,true
firefox,,decode,4K,png16 none,10454027,53.30,56.08,53.62,,,true
firefox,,decode,4K,png16 average,9106882,58.60,64.74,58.88,,,true
firefox,,decode,4K,png16 paeth,9222342,126.48,127.66,127.02,,,true
firefox,,decode,4K,png16 paeth (research prototype decoder),9222342,133.36,134.82,,,,true
firefox,,decode,4K,png16 paeth-up-mix,9208247,103.44,106.70,103.90,,,true
firefox,,decode,4K,png16 paeth-up-mix (research prototype decoder),9208247,118.26,123.46,,,,true
firefox,,decode,4K,png16 adaptive,9126552,58.54,61.46,59.60,,,true
firefox,,decode,4K,u16 row-delta + gzip (reference),9067031,60.26,63.00,,,,true
firefox,webgl,upload-render,720p,exact rg8,1843200,1.36,1.78,,0.58,0.78,
firefox,webgl,upload-render,720p,preview r8,921600,1.24,1.48,,0.68,0.56,
firefox,webgl,upload-render,720p,exact rg8 half-size map (edge-aware),460800,0.82,1.10,,0.52,0.30,
firefox,webgl,upload-render,1080p,exact rg8,4147200,2.68,2.90,,0.56,2.12,
firefox,webgl,upload-render,1080p,preview r8,2073600,1.88,2.42,,0.56,1.32,
firefox,webgl,upload-render,1080p,exact rg8 half-size map (edge-aware),1036800,1.12,1.38,,0.66,0.46,
firefox,webgl,upload-render,4K,exact rg8,16588800,9.02,9.78,,0.68,8.34,
firefox,webgl,upload-render,4K,preview r8,8294400,6.62,6.90,,0.96,5.66,
firefox,webgl,upload-render,4K,exact rg8 half-size map (edge-aware),4147200,3.54,3.90,,1.40,2.14,
