kind	darus_zip	darus_datafile_id	member	bytes	crc32
cam_data	train_cam_data.zip	198954	spring/train/0021/cam_data/intrinsics.txt	29900	f5956c47
disp1_left	train_disp1_left.zip	198961	spring/train/0021/disp1_left/disp1_left_0001.dsp5	1401738	decd4c68
disp1_left	train_disp1_left.zip	198961	spring/train/0021/disp1_left/disp1_left_0002.dsp5	1401906	39e47ff0
disp1_left	train_disp1_left.zip	198961	spring/train/0021/disp1_left/disp1_left_0003.dsp5	1407251	af8185ad
disp1_left	train_disp1_left.zip	198961	spring/train/0021/disp1_left/disp1_left_0004.dsp5	1406302	8f87dc9f
disp1_left	train_disp1_left.zip	198961	spring/train/0021/disp1_left/disp1_left_0005.dsp5	1400484	c3da5dcb
disp1_left	train_disp1_left.zip	198961	spring/train/0021/disp1_left/disp1_left_0006.dsp5	1399685	f791f14d
disp1_left	train_disp1_left.zip	198961	spring/train/0021/disp1_left/disp1_left_0007.dsp5	1400661	572a0bf9
disp1_left	train_disp1_left.zip	198961	spring/train/0021/disp1_left/disp1_left_0008.dsp5	1397656	449c6d9f
disp1_left	train_disp1_left.zip	198961	spring/train/0021/disp1_left/disp1_left_0009.dsp5	1404037	0064fc81
disp1_left	train_disp1_left.zip	198961	spring/train/0021/disp1_left/disp1_left_0010.dsp5	1405812	346b7e8d
disp1_left	train_disp1_left.zip	198961	spring/train/0021/disp1_left/disp1_left_0011.dsp5	1405411	a099533f
disp1_left	train_disp1_left.zip	198961	spring/train/0021/disp1_left/disp1_left_0012.dsp5	1398868	46f13d6d
disp1_left	train_disp1_left.zip	198961	spring/train/0021/disp1_left/disp1_left_0013.dsp5	1400713	68e9bc84
disp1_left	train_disp1_left.zip	198961	spring/train/0021/disp1_left/disp1_left_0014.dsp5	1395668	72a32b9d
disp1_left	train_disp1_left.zip	198961	spring/train/0021/disp1_left/disp1_left_0015.dsp5	1404982	1fbeff5a
disp1_left	train_disp1_left.zip	198961	spring/train/0021/disp1_left/disp1_left_0016.dsp5	1406801	d921f40b
disp1_left	train_disp1_left.zip	198961	spring/train/0021/disp1_left/disp1_left_0017.dsp5	1409907	1a64000e
disp1_left	train_disp1_left.zip	198961	spring/train/0021/disp1_left/disp1_left_0018.dsp5	1413864	cd82f2dd
disp1_left	train_disp1_left.zip	198961	spring/train/0021/disp1_left/disp1_left_0019.dsp5	1410654	956ca66c
disp1_left	train_disp1_left.zip	198961	spring/train/0021/disp1_left/disp1_left_0020.dsp5	1408632	c1a12723
disp1_left	train_disp1_left.zip	198961	spring/train/0021/disp1_left/disp1_left_0021.dsp5	1412532	b6743d97
disp1_left	train_disp1_left.zip	198961	spring/train/0021/disp1_left/disp1_left_0022.dsp5	1417386	ca60b36d
disp1_left	train_disp1_left.zip	198961	spring/train/0021/disp1_left/disp1_left_0023.dsp5	1420948	8cc468cf
disp1_left	train_disp1_left.zip	198961	spring/train/0021/disp1_left/disp1_left_0024.dsp5	1419301	8580c48e
disp1_left	train_disp1_left.zip	198961	spring/train/0021/disp1_left/disp1_left_0025.dsp5	1415330	2edb4c19
disp1_left	train_disp1_left.zip	198961	spring/train/0021/disp1_left/disp1_left_0026.dsp5	1412393	7666cc7b
disp1_left	train_disp1_left.zip	198961	spring/train/0021/disp1_left/disp1_left_0027.dsp5	1413828	b647becb
disp1_left	train_disp1_left.zip	198961	spring/train/0021/disp1_left/disp1_left_0028.dsp5	1420242	86c6a070
disp1_left	train_disp1_left.zip	198961	spring/train/0021/disp1_left/disp1_left_0029.dsp5	1423984	bd65f5bb
disp1_left	train_disp1_left.zip	198961	spring/train/0021/disp1_left/disp1_left_0030.dsp5	1428119	625e859a
disp1_left	train_disp1_left.zip	198961	spring/train/0021/disp1_left/disp1_left_0031.dsp5	1427095	5ec45e9f
disp1_left	train_disp1_left.zip	198961	spring/train/0021/disp1_left/disp1_left_0032.dsp5	1428293	b41e97cb
disp1_left	train_disp1_left.zip	198961	spring/train/0021/disp1_left/disp1_left_0033.dsp5	1433009	f0d1ef41
disp1_left	train_disp1_left.zip	198961	spring/train/0021/disp1_left/disp1_left_0034.dsp5	1438005	6c98d7bb
disp1_left	train_disp1_left.zip	198961	spring/train/0021/disp1_left/disp1_left_0035.dsp5	1441827	517eabaf
disp1_left	train_disp1_left.zip	198961	spring/train/0021/disp1_left/disp1_left_0036.dsp5	1441034	f9e92a27
disp1_left	train_disp1_left.zip	198961	spring/train/0021/disp1_left/disp1_left_0037.dsp5	1440339	e2467942
disp1_left	train_disp1_left.zip	198961	spring/train/0021/disp1_left/disp1_left_0038.dsp5	1452386	dd674169
disp1_left	train_disp1_left.zip	198961	spring/train/0021/disp1_left/disp1_left_0039.dsp5	1453759	95493b10
disp1_left	train_disp1_left.zip	198961	spring/train/0021/disp1_left/disp1_left_0040.dsp5	1453778	fc656621
disp1_left	train_disp1_left.zip	198961	spring/train/0021/disp1_left/disp1_left_0041.dsp5	1449679	0ce604d3
disp1_left	train_disp1_left.zip	198961	spring/train/0021/disp1_left/disp1_left_0042.dsp5	1451289	518812ce
disp1_left	train_disp1_left.zip	198961	spring/train/0021/disp1_left/disp1_left_0043.dsp5	1455951	0888fa5a
disp1_left	train_disp1_left.zip	198961	spring/train/0021/disp1_left/disp1_left_0044.dsp5	1460163	0efa1b95
disp1_left	train_disp1_left.zip	198961	spring/train/0021/disp1_left/disp1_left_0045.dsp5	1461598	4710c6d7
disp1_left	train_disp1_left.zip	198961	spring/train/0021/disp1_left/disp1_left_0046.dsp5	1463292	b6c09d24
disp1_left	train_disp1_left.zip	198961	spring/train/0021/disp1_left/disp1_left_0047.dsp5	1464396	dee2a7e9
disp1_left	train_disp1_left.zip	198961	spring/train/0021/disp1_left/disp1_left_0048.dsp5	1464890	a9002e05
disp1_left	train_disp1_left.zip	198961	spring/train/0021/disp1_left/disp1_left_0049.dsp5	1469159	1e117da2
disp1_left	train_disp1_left.zip	198961	spring/train/0021/disp1_left/disp1_left_0050.dsp5	1470834	50388e02
disp1_left	train_disp1_left.zip	198961	spring/train/0021/disp1_left/disp1_left_0051.dsp5	1472294	c9eabec3
disp1_left	train_disp1_left.zip	198961	spring/train/0021/disp1_left/disp1_left_0052.dsp5	1472050	f5763e2a
disp1_left	train_disp1_left.zip	198961	spring/train/0021/disp1_left/disp1_left_0053.dsp5	1470197	72de1e88
disp1_left	train_disp1_left.zip	198961	spring/train/0021/disp1_left/disp1_left_0054.dsp5	1475745	e57eef5f
disp1_left	train_disp1_left.zip	198961	spring/train/0021/disp1_left/disp1_left_0055.dsp5	1481549	5c6e43ec
disp1_left	train_disp1_left.zip	198961	spring/train/0021/disp1_left/disp1_left_0056.dsp5	1486501	39f521f7
disp1_left	train_disp1_left.zip	198961	spring/train/0021/disp1_left/disp1_left_0057.dsp5	1488660	c9e944fc
disp1_left	train_disp1_left.zip	198961	spring/train/0021/disp1_left/disp1_left_0058.dsp5	1491315	8fef586c
disp1_left	train_disp1_left.zip	198961	spring/train/0021/disp1_left/disp1_left_0059.dsp5	1491696	e01af1b9
disp1_left	train_disp1_left.zip	198961	spring/train/0021/disp1_left/disp1_left_0060.dsp5	1492479	9fc8dcdd
disp1_left	train_disp1_left.zip	198961	spring/train/0021/disp1_left/disp1_left_0061.dsp5	1489711	2c0eae91
disp1_left	train_disp1_left.zip	198961	spring/train/0021/disp1_left/disp1_left_0062.dsp5	1492261	1ae78099
disp1_left	train_disp1_left.zip	198961	spring/train/0021/disp1_left/disp1_left_0063.dsp5	1492193	708c7bf5
disp1_left	train_disp1_left.zip	198961	spring/train/0021/disp1_left/disp1_left_0064.dsp5	1493352	75b1b5da
disp1_left	train_disp1_left.zip	198961	spring/train/0021/disp1_left/disp1_left_0065.dsp5	1493781	c21aa564
disp1_left	train_disp1_left.zip	198961	spring/train/0021/disp1_left/disp1_left_0066.dsp5	1498847	76db3e81
disp1_left	train_disp1_left.zip	198961	spring/train/0021/disp1_left/disp1_left_0067.dsp5	1496893	4b5b77f2
disp1_left	train_disp1_left.zip	198961	spring/train/0021/disp1_left/disp1_left_0068.dsp5	1498785	8d8fec5a
disp1_left	train_disp1_left.zip	198961	spring/train/0021/disp1_left/disp1_left_0069.dsp5	1499884	a0509710
disp1_left	train_disp1_left.zip	198961	spring/train/0021/disp1_left/disp1_left_0070.dsp5	1502932	b9335a70
disp1_left	train_disp1_left.zip	198961	spring/train/0021/disp1_left/disp1_left_0071.dsp5	1499884	2c023118
disp1_left	train_disp1_left.zip	198961	spring/train/0021/disp1_left/disp1_left_0072.dsp5	1502418	d22cc9db
disp1_left	train_disp1_left.zip	198961	spring/train/0021/disp1_left/disp1_left_0073.dsp5	1503029	d2387af9
disp1_left	train_disp1_left.zip	198961	spring/train/0021/disp1_left/disp1_left_0074.dsp5	1502510	68fe3d18
disp1_left	train_disp1_left.zip	198961	spring/train/0021/disp1_left/disp1_left_0075.dsp5	1502940	71854664
disp1_left	train_disp1_left.zip	198961	spring/train/0021/disp1_left/disp1_left_0076.dsp5	1500873	bca7df5f
disp1_left	train_disp1_left.zip	198961	spring/train/0021/disp1_left/disp1_left_0077.dsp5	1503587	1782a355
disp1_left	train_disp1_left.zip	198961	spring/train/0021/disp1_left/disp1_left_0078.dsp5	1498219	3ce826a2
disp1_left	train_disp1_left.zip	198961	spring/train/0021/disp1_left/disp1_left_0079.dsp5	1505823	6ca2dd46
disp1_left	train_disp1_left.zip	198961	spring/train/0021/disp1_left/disp1_left_0080.dsp5	1496062	5c8a145e
disp1_left	train_disp1_left.zip	198961	spring/train/0021/disp1_left/disp1_left_0081.dsp5	1496084	cb4f3ef5
disp1_left	train_disp1_left.zip	198961	spring/train/0021/disp1_left/disp1_left_0082.dsp5	1488889	1b4e6caa
disp1_left	train_disp1_left.zip	198961	spring/train/0021/disp1_left/disp1_left_0083.dsp5	1493999	d0f5bdbd
disp1_left	train_disp1_left.zip	198961	spring/train/0021/disp1_left/disp1_left_0084.dsp5	1490701	992d11bb
disp1_left	train_disp1_left.zip	198961	spring/train/0021/disp1_left/disp1_left_0085.dsp5	1488487	1ed5d897
disp1_left	train_disp1_left.zip	198961	spring/train/0021/disp1_left/disp1_left_0086.dsp5	1486644	57487a03
disp1_left	train_disp1_left.zip	198961	spring/train/0021/disp1_left/disp1_left_0087.dsp5	1478804	22e53968
disp1_left	train_disp1_left.zip	198961	spring/train/0021/disp1_left/disp1_left_0088.dsp5	1474394	fe8ff19c
disp1_left	train_disp1_left.zip	198961	spring/train/0021/disp1_left/disp1_left_0089.dsp5	1470682	4004bd75
disp1_left	train_disp1_left.zip	198961	spring/train/0021/disp1_left/disp1_left_0090.dsp5	1472115	03828a23
disp1_left	train_disp1_left.zip	198961	spring/train/0021/disp1_left/disp1_left_0091.dsp5	1473210	b3569535
disp1_left	train_disp1_left.zip	198961	spring/train/0021/disp1_left/disp1_left_0092.dsp5	1470886	2936f331
disp1_left	train_disp1_left.zip	198961	spring/train/0021/disp1_left/disp1_left_0093.dsp5	1469380	c2ef0e9b
disp1_left	train_disp1_left.zip	198961	spring/train/0021/disp1_left/disp1_left_0094.dsp5	1466910	0db300c1
disp1_left	train_disp1_left.zip	198961	spring/train/0021/disp1_left/disp1_left_0095.dsp5	1467131	87d8d64a
disp1_left	train_disp1_left.zip	198961	spring/train/0021/disp1_left/disp1_left_0096.dsp5	1465103	4619e64a
disp1_left	train_disp1_left.zip	198961	spring/train/0021/disp1_left/disp1_left_0097.dsp5	1459615	0ef86da8
disp1_left	train_disp1_left.zip	198961	spring/train/0021/disp1_left/disp1_left_0098.dsp5	1456183	53765cf5
disp1_left	train_disp1_left.zip	198961	spring/train/0021/disp1_left/disp1_left_0099.dsp5	1453469	a71af61b
disp1_left	train_disp1_left.zip	198961	spring/train/0021/disp1_left/disp1_left_0100.dsp5	1448934	f276d595
disp1_left	train_disp1_left.zip	198961	spring/train/0021/disp1_left/disp1_left_0101.dsp5	1447797	69009994
disp1_left	train_disp1_left.zip	198961	spring/train/0021/disp1_left/disp1_left_0102.dsp5	1445735	7c6235b7
disp1_left	train_disp1_left.zip	198961	spring/train/0021/disp1_left/disp1_left_0103.dsp5	1444646	c7e11369
disp1_left	train_disp1_left.zip	198961	spring/train/0021/disp1_left/disp1_left_0104.dsp5	1442591	6ce2c259
disp1_left	train_disp1_left.zip	198961	spring/train/0021/disp1_left/disp1_left_0105.dsp5	1441379	c9bf145d
disp1_left	train_disp1_left.zip	198961	spring/train/0021/disp1_left/disp1_left_0106.dsp5	1440779	2331d5ff
disp1_left	train_disp1_left.zip	198961	spring/train/0021/disp1_left/disp1_left_0107.dsp5	1438536	e6d180f1
disp1_left	train_disp1_left.zip	198961	spring/train/0021/disp1_left/disp1_left_0108.dsp5	1432586	1cb161cb
disp1_left	train_disp1_left.zip	198961	spring/train/0021/disp1_left/disp1_left_0109.dsp5	1435106	93e5005f
disp1_left	train_disp1_left.zip	198961	spring/train/0021/disp1_left/disp1_left_0110.dsp5	1441062	ae33e153
disp1_left	train_disp1_left.zip	198961	spring/train/0021/disp1_left/disp1_left_0111.dsp5	1441738	993444d7
disp1_left	train_disp1_left.zip	198961	spring/train/0021/disp1_left/disp1_left_0112.dsp5	1437380	6c6d0a08
disp1_left	train_disp1_left.zip	198961	spring/train/0021/disp1_left/disp1_left_0113.dsp5	1434195	53fea029
disp1_left	train_disp1_left.zip	198961	spring/train/0021/disp1_left/disp1_left_0114.dsp5	1433055	00d3e30e
disp1_left	train_disp1_left.zip	198961	spring/train/0021/disp1_left/disp1_left_0115.dsp5	1433022	501fd04b
disp1_left	train_disp1_left.zip	198961	spring/train/0021/disp1_left/disp1_left_0116.dsp5	1432420	df7c67a9
disp1_left	train_disp1_left.zip	198961	spring/train/0021/disp1_left/disp1_left_0117.dsp5	1426896	07bf3539
disp1_left	train_disp1_left.zip	198961	spring/train/0021/disp1_left/disp1_left_0118.dsp5	1422344	49db2827
disp1_left	train_disp1_left.zip	198961	spring/train/0021/disp1_left/disp1_left_0119.dsp5	1418394	69e83ec0
disp1_left	train_disp1_left.zip	198961	spring/train/0021/disp1_left/disp1_left_0120.dsp5	1408460	9b2ec5ea
disp1_left	train_disp1_left.zip	198961	spring/train/0021/disp1_left/disp1_left_0121.dsp5	1410448	90c75ad2
disp1_left	train_disp1_left.zip	198961	spring/train/0021/disp1_left/disp1_left_0122.dsp5	1410339	799ed0e1
disp1_left	train_disp1_left.zip	198961	spring/train/0021/disp1_left/disp1_left_0123.dsp5	1412982	645246f1
disp1_left	train_disp1_left.zip	198961	spring/train/0021/disp1_left/disp1_left_0124.dsp5	1414950	6fa6b35a
disp1_left	train_disp1_left.zip	198961	spring/train/0021/disp1_left/disp1_left_0125.dsp5	1412723	74de2ecf
disp1_left	train_disp1_left.zip	198961	spring/train/0021/disp1_left/disp1_left_0126.dsp5	1410506	195bca19
disp1_left	train_disp1_left.zip	198961	spring/train/0021/disp1_left/disp1_left_0127.dsp5	1411245	55000f8c
disp1_left	train_disp1_left.zip	198961	spring/train/0021/disp1_left/disp1_left_0128.dsp5	1401421	a5f032d1
disp1_left	train_disp1_left.zip	198961	spring/train/0021/disp1_left/disp1_left_0129.dsp5	1398195	5f45df6a
disp1_left	train_disp1_left.zip	198961	spring/train/0021/disp1_left/disp1_left_0130.dsp5	1395857	d1f65708
disp1_left	train_disp1_left.zip	198961	spring/train/0021/disp1_left/disp1_left_0131.dsp5	1393735	aa86f3b4
disp1_left	train_disp1_left.zip	198961	spring/train/0021/disp1_left/disp1_left_0132.dsp5	1390253	21b4dda9
disp1_left	train_disp1_left.zip	198961	spring/train/0021/disp1_left/disp1_left_0133.dsp5	1389681	ec27362a
disp1_left	train_disp1_left.zip	198961	spring/train/0021/disp1_left/disp1_left_0134.dsp5	1383006	730d9f56
disp1_left	train_disp1_left.zip	198961	spring/train/0021/disp1_left/disp1_left_0135.dsp5	1384158	92c5fb22
disp1_left	train_disp1_left.zip	198961	spring/train/0021/disp1_left/disp1_left_0136.dsp5	1373887	41f1ca54
disp1_left	train_disp1_left.zip	198961	spring/train/0021/disp1_left/disp1_left_0137.dsp5	1372940	3f8223f6
disp1_left	train_disp1_left.zip	198961	spring/train/0021/disp1_left/disp1_left_0138.dsp5	1369165	4d277361
disp1_left	train_disp1_left.zip	198961	spring/train/0021/disp1_left/disp1_left_0139.dsp5	1368104	5a1d7d69
disp1_left	train_disp1_left.zip	198961	spring/train/0021/disp1_left/disp1_left_0140.dsp5	1359180	5451ee77
disp1_left	train_disp1_left.zip	198961	spring/train/0021/disp1_left/disp1_left_0141.dsp5	1363866	e9e66e9b
disp1_left	train_disp1_left.zip	198961	spring/train/0021/disp1_left/disp1_left_0142.dsp5	1365929	8cdb6f10
disp1_left	train_disp1_left.zip	198961	spring/train/0021/disp1_left/disp1_left_0143.dsp5	1361428	f2a9c1c4
disp1_left	train_disp1_left.zip	198961	spring/train/0021/disp1_left/disp1_left_0144.dsp5	1357912	d36f5d8e
disp1_left	train_disp1_left.zip	198961	spring/train/0021/disp1_left/disp1_left_0145.dsp5	1348472	45516b99
disp1_left	train_disp1_left.zip	198961	spring/train/0021/disp1_left/disp1_left_0146.dsp5	1351460	1c3628ce
disp1_left	train_disp1_left.zip	198961	spring/train/0021/disp1_left/disp1_left_0147.dsp5	1349880	a5849ec0
disp1_left	train_disp1_left.zip	198961	spring/train/0021/disp1_left/disp1_left_0148.dsp5	1343615	59e9d110
disp1_left	train_disp1_left.zip	198961	spring/train/0021/disp1_left/disp1_left_0149.dsp5	1341974	a242a676
disp1_left	train_disp1_left.zip	198961	spring/train/0021/disp1_left/disp1_left_0150.dsp5	1341505	f6db12a7
disp1_left	train_disp1_left.zip	198961	spring/train/0021/disp1_left/disp1_left_0151.dsp5	1343480	98421018
disp1_left	train_disp1_left.zip	198961	spring/train/0021/disp1_left/disp1_left_0152.dsp5	1348005	91bb105f
disp1_left	train_disp1_left.zip	198961	spring/train/0021/disp1_left/disp1_left_0153.dsp5	1351005	6ee5fdda
disp1_left	train_disp1_left.zip	198961	spring/train/0021/disp1_left/disp1_left_0154.dsp5	1342495	e192f6d9
disp1_left	train_disp1_left.zip	198961	spring/train/0021/disp1_left/disp1_left_0155.dsp5	1337483	f74ffeec
disp1_left	train_disp1_left.zip	198961	spring/train/0021/disp1_left/disp1_left_0156.dsp5	1343127	7da38ad7
disp1_left	train_disp1_left.zip	198961	spring/train/0021/disp1_left/disp1_left_0157.dsp5	1341534	933a4a1c
disp1_left	train_disp1_left.zip	198961	spring/train/0021/disp1_left/disp1_left_0158.dsp5	1334854	ee11bea8
disp1_left	train_disp1_left.zip	198961	spring/train/0021/disp1_left/disp1_left_0159.dsp5	1332250	bf155d02
disp1_left	train_disp1_left.zip	198961	spring/train/0021/disp1_left/disp1_left_0160.dsp5	1332310	be5a1b15
disp1_left	train_disp1_left.zip	198961	spring/train/0021/disp1_left/disp1_left_0161.dsp5	1339846	4b1a3d78
disp1_left	train_disp1_left.zip	198961	spring/train/0021/disp1_left/disp1_left_0162.dsp5	1340400	d45bdb93
disp1_left	train_disp1_left.zip	198961	spring/train/0021/disp1_left/disp1_left_0163.dsp5	1342494	9f901052
disp1_left	train_disp1_left.zip	198961	spring/train/0021/disp1_left/disp1_left_0164.dsp5	1349433	f004ac32
disp1_left	train_disp1_left.zip	198961	spring/train/0021/disp1_left/disp1_left_0165.dsp5	1350039	e97e4eae
disp1_left	train_disp1_left.zip	198961	spring/train/0021/disp1_left/disp1_left_0166.dsp5	1345466	e4611291
disp1_left	train_disp1_left.zip	198961	spring/train/0021/disp1_left/disp1_left_0167.dsp5	1344978	3f2cab25
disp1_left	train_disp1_left.zip	198961	spring/train/0021/disp1_left/disp1_left_0168.dsp5	1335721	ce20970f
disp1_left	train_disp1_left.zip	198961	spring/train/0021/disp1_left/disp1_left_0169.dsp5	1345293	b8287e2d
disp1_left	train_disp1_left.zip	198961	spring/train/0021/disp1_left/disp1_left_0170.dsp5	1347783	b45f10ad
disp1_left	train_disp1_left.zip	198961	spring/train/0021/disp1_left/disp1_left_0171.dsp5	1333669	16e0cc8c
disp1_left	train_disp1_left.zip	198961	spring/train/0021/disp1_left/disp1_left_0172.dsp5	1331664	183a2eee
disp1_left	train_disp1_left.zip	198961	spring/train/0021/disp1_left/disp1_left_0173.dsp5	1336050	0d0444e4
disp1_left	train_disp1_left.zip	198961	spring/train/0021/disp1_left/disp1_left_0174.dsp5	1336790	5330cb1e
disp1_left	train_disp1_left.zip	198961	spring/train/0021/disp1_left/disp1_left_0175.dsp5	1341435	80aab16c
disp1_left	train_disp1_left.zip	198961	spring/train/0021/disp1_left/disp1_left_0176.dsp5	1340295	e61f626a
disp1_left	train_disp1_left.zip	198961	spring/train/0021/disp1_left/disp1_left_0177.dsp5	1341345	4ab9baab
disp1_left	train_disp1_left.zip	198961	spring/train/0021/disp1_left/disp1_left_0178.dsp5	1335416	5e51a5f4
disp1_left	train_disp1_left.zip	198961	spring/train/0021/disp1_left/disp1_left_0179.dsp5	1339557	9da223fa
disp1_left	train_disp1_left.zip	198961	spring/train/0021/disp1_left/disp1_left_0180.dsp5	1337684	16ddccab
disp1_left	train_disp1_left.zip	198961	spring/train/0021/disp1_left/disp1_left_0181.dsp5	1332279	4b99ca7b
disp1_left	train_disp1_left.zip	198961	spring/train/0021/disp1_left/disp1_left_0182.dsp5	1327885	c4bf661e
disp1_left	train_disp1_left.zip	198961	spring/train/0021/disp1_left/disp1_left_0183.dsp5	1328145	c9eef1bc
disp1_left	train_disp1_left.zip	198961	spring/train/0021/disp1_left/disp1_left_0184.dsp5	1322536	efa9facd
disp1_left	train_disp1_left.zip	198961	spring/train/0021/disp1_left/disp1_left_0185.dsp5	1328844	4913a342
disp1_left	train_disp1_left.zip	198961	spring/train/0021/disp1_left/disp1_left_0186.dsp5	1333657	71e8e13c
disp1_left	train_disp1_left.zip	198961	spring/train/0021/disp1_left/disp1_left_0187.dsp5	1328516	25bbb0f7
disp1_left	train_disp1_left.zip	198961	spring/train/0021/disp1_left/disp1_left_0188.dsp5	1322789	64e0c4de
disp1_left	train_disp1_left.zip	198961	spring/train/0021/disp1_left/disp1_left_0189.dsp5	1321052	61e25eb9
disp1_left	train_disp1_left.zip	198961	spring/train/0021/disp1_left/disp1_left_0190.dsp5	1319458	5ea24bf0
disp1_left	train_disp1_left.zip	198961	spring/train/0021/disp1_left/disp1_left_0191.dsp5	1322007	d510430f
disp1_left	train_disp1_left.zip	198961	spring/train/0021/disp1_left/disp1_left_0192.dsp5	1317384	07250258
frame_left	train_frame_left.zip	199097	spring/train/0021/frame_left/frame_left_0001.png	6232017	64e79851
frame_left	train_frame_left.zip	199097	spring/train/0021/frame_left/frame_left_0002.png	6232017	b71ed27f
frame_left	train_frame_left.zip	199097	spring/train/0021/frame_left/frame_left_0003.png	6232017	181bc123
frame_left	train_frame_left.zip	199097	spring/train/0021/frame_left/frame_left_0004.png	6232017	0e038b3b
frame_left	train_frame_left.zip	199097	spring/train/0021/frame_left/frame_left_0005.png	6232017	ce6ca0a6
frame_left	train_frame_left.zip	199097	spring/train/0021/frame_left/frame_left_0006.png	6232017	0df9a846
frame_left	train_frame_left.zip	199097	spring/train/0021/frame_left/frame_left_0007.png	6232017	ea93236d
frame_left	train_frame_left.zip	199097	spring/train/0021/frame_left/frame_left_0008.png	6232017	741bdf40
frame_left	train_frame_left.zip	199097	spring/train/0021/frame_left/frame_left_0009.png	6232017	b9f9a5bb
frame_left	train_frame_left.zip	199097	spring/train/0021/frame_left/frame_left_0010.png	6232017	9ee1eb36
frame_left	train_frame_left.zip	199097	spring/train/0021/frame_left/frame_left_0011.png	6232017	38a43190
frame_left	train_frame_left.zip	199097	spring/train/0021/frame_left/frame_left_0012.png	6232017	b086a1f9
frame_left	train_frame_left.zip	199097	spring/train/0021/frame_left/frame_left_0013.png	6232017	ae4a6eb9
frame_left	train_frame_left.zip	199097	spring/train/0021/frame_left/frame_left_0014.png	6232017	b8eb5c7e
frame_left	train_frame_left.zip	199097	spring/train/0021/frame_left/frame_left_0015.png	6232017	48dbda0e
frame_left	train_frame_left.zip	199097	spring/train/0021/frame_left/frame_left_0016.png	6232017	ce93642d
frame_left	train_frame_left.zip	199097	spring/train/0021/frame_left/frame_left_0017.png	6232017	ce4005a7
frame_left	train_frame_left.zip	199097	spring/train/0021/frame_left/frame_left_0018.png	6232017	2ff547a8
frame_left	train_frame_left.zip	199097	spring/train/0021/frame_left/frame_left_0019.png	6232017	0cb3eb96
frame_left	train_frame_left.zip	199097	spring/train/0021/frame_left/frame_left_0020.png	6232017	8dfc517e
frame_left	train_frame_left.zip	199097	spring/train/0021/frame_left/frame_left_0021.png	6232017	5c8d58da
frame_left	train_frame_left.zip	199097	spring/train/0021/frame_left/frame_left_0022.png	6232017	4960d463
frame_left	train_frame_left.zip	199097	spring/train/0021/frame_left/frame_left_0023.png	6232017	495b1d6b
frame_left	train_frame_left.zip	199097	spring/train/0021/frame_left/frame_left_0024.png	6232017	f8efc759
frame_left	train_frame_left.zip	199097	spring/train/0021/frame_left/frame_left_0025.png	6232017	94b223c2
frame_left	train_frame_left.zip	199097	spring/train/0021/frame_left/frame_left_0026.png	6232017	79f354fe
frame_left	train_frame_left.zip	199097	spring/train/0021/frame_left/frame_left_0027.png	6232017	0bab3daf
frame_left	train_frame_left.zip	199097	spring/train/0021/frame_left/frame_left_0028.png	6232017	9628eb31
frame_left	train_frame_left.zip	199097	spring/train/0021/frame_left/frame_left_0029.png	6232017	74c0f225
frame_left	train_frame_left.zip	199097	spring/train/0021/frame_left/frame_left_0030.png	6232017	434fd1c7
frame_left	train_frame_left.zip	199097	spring/train/0021/frame_left/frame_left_0031.png	6232017	76231027
frame_left	train_frame_left.zip	199097	spring/train/0021/frame_left/frame_left_0032.png	6232017	466421e8
frame_left	train_frame_left.zip	199097	spring/train/0021/frame_left/frame_left_0033.png	6232017	24f05b13
frame_left	train_frame_left.zip	199097	spring/train/0021/frame_left/frame_left_0034.png	6232017	321ad7a0
frame_left	train_frame_left.zip	199097	spring/train/0021/frame_left/frame_left_0035.png	6232017	1a06e08d
frame_left	train_frame_left.zip	199097	spring/train/0021/frame_left/frame_left_0036.png	6232017	a3f3714c
frame_left	train_frame_left.zip	199097	spring/train/0021/frame_left/frame_left_0037.png	6232017	c781acf0
frame_left	train_frame_left.zip	199097	spring/train/0021/frame_left/frame_left_0038.png	6232017	e609db54
frame_left	train_frame_left.zip	199097	spring/train/0021/frame_left/frame_left_0039.png	6232017	7ffd6975
frame_left	train_frame_left.zip	199097	spring/train/0021/frame_left/frame_left_0040.png	6232017	d5ddec65
frame_left	train_frame_left.zip	199097	spring/train/0021/frame_left/frame_left_0041.png	6232017	70d2a6f7
frame_left	train_frame_left.zip	199097	spring/train/0021/frame_left/frame_left_0042.png	6232017	8b689ea3
frame_left	train_frame_left.zip	199097	spring/train/0021/frame_left/frame_left_0043.png	6232017	55fd1256
frame_left	train_frame_left.zip	199097	spring/train/0021/frame_left/frame_left_0044.png	6232017	12587841
frame_left	train_frame_left.zip	199097	spring/train/0021/frame_left/frame_left_0045.png	6232017	12e9bb30
frame_left	train_frame_left.zip	199097	spring/train/0021/frame_left/frame_left_0046.png	6232017	648ca30e
frame_left	train_frame_left.zip	199097	spring/train/0021/frame_left/frame_left_0047.png	6232017	a670fa47
frame_left	train_frame_left.zip	199097	spring/train/0021/frame_left/frame_left_0048.png	6232017	76946f7d
frame_left	train_frame_left.zip	199097	spring/train/0021/frame_left/frame_left_0049.png	6232017	110640b4
frame_left	train_frame_left.zip	199097	spring/train/0021/frame_left/frame_left_0050.png	6232017	202bdfe0
frame_left	train_frame_left.zip	199097	spring/train/0021/frame_left/frame_left_0051.png	6232017	6baf80df
frame_left	train_frame_left.zip	199097	spring/train/0021/frame_left/frame_left_0052.png	6232017	e7ec0934
frame_left	train_frame_left.zip	199097	spring/train/0021/frame_left/frame_left_0053.png	6232017	a199bd36
frame_left	train_frame_left.zip	199097	spring/train/0021/frame_left/frame_left_0054.png	6232017	4e9e90bf
frame_left	train_frame_left.zip	199097	spring/train/0021/frame_left/frame_left_0055.png	6232017	2ead57d5
frame_left	train_frame_left.zip	199097	spring/train/0021/frame_left/frame_left_0056.png	6232017	72656a1f
frame_left	train_frame_left.zip	199097	spring/train/0021/frame_left/frame_left_0057.png	6232017	ad5a0936
frame_left	train_frame_left.zip	199097	spring/train/0021/frame_left/frame_left_0058.png	6232017	25fa4a3f
frame_left	train_frame_left.zip	199097	spring/train/0021/frame_left/frame_left_0059.png	6232017	9f909a1b
frame_left	train_frame_left.zip	199097	spring/train/0021/frame_left/frame_left_0060.png	6232017	ec981723
frame_left	train_frame_left.zip	199097	spring/train/0021/frame_left/frame_left_0061.png	6232017	c274ac65
frame_left	train_frame_left.zip	199097	spring/train/0021/frame_left/frame_left_0062.png	6232017	b5a06035
frame_left	train_frame_left.zip	199097	spring/train/0021/frame_left/frame_left_0063.png	6232017	ef39c434
frame_left	train_frame_left.zip	199097	spring/train/0021/frame_left/frame_left_0064.png	6232017	a8650046
frame_left	train_frame_left.zip	199097	spring/train/0021/frame_left/frame_left_0065.png	6232017	b1b76b2a
frame_left	train_frame_left.zip	199097	spring/train/0021/frame_left/frame_left_0066.png	6232017	6315e12f
frame_left	train_frame_left.zip	199097	spring/train/0021/frame_left/frame_left_0067.png	6232017	7bce1654
frame_left	train_frame_left.zip	199097	spring/train/0021/frame_left/frame_left_0068.png	6232017	d88a58e5
frame_left	train_frame_left.zip	199097	spring/train/0021/frame_left/frame_left_0069.png	6232017	c284d95a
frame_left	train_frame_left.zip	199097	spring/train/0021/frame_left/frame_left_0070.png	6232017	23496861
frame_left	train_frame_left.zip	199097	spring/train/0021/frame_left/frame_left_0071.png	6232017	fd31bfd8
frame_left	train_frame_left.zip	199097	spring/train/0021/frame_left/frame_left_0072.png	6232017	0a9d20fc
frame_left	train_frame_left.zip	199097	spring/train/0021/frame_left/frame_left_0073.png	6232017	3a3eade9
frame_left	train_frame_left.zip	199097	spring/train/0021/frame_left/frame_left_0074.png	6232017	9f55c495
frame_left	train_frame_left.zip	199097	spring/train/0021/frame_left/frame_left_0075.png	6232017	947a0ee7
frame_left	train_frame_left.zip	199097	spring/train/0021/frame_left/frame_left_0076.png	6232017	62d645d4
frame_left	train_frame_left.zip	199097	spring/train/0021/frame_left/frame_left_0077.png	6232017	85ad24a0
frame_left	train_frame_left.zip	199097	spring/train/0021/frame_left/frame_left_0078.png	6232017	256a1ea1
frame_left	train_frame_left.zip	199097	spring/train/0021/frame_left/frame_left_0079.png	6232017	3d96e572
frame_left	train_frame_left.zip	199097	spring/train/0021/frame_left/frame_left_0080.png	6232017	e274ba53
frame_left	train_frame_left.zip	199097	spring/train/0021/frame_left/frame_left_0081.png	6232017	4a897348
frame_left	train_frame_left.zip	199097	spring/train/0021/frame_left/frame_left_0082.png	6232017	78f07b74
frame_left	train_frame_left.zip	199097	spring/train/0021/frame_left/frame_left_0083.png	6232017	2b5db8fc
frame_left	train_frame_left.zip	199097	spring/train/0021/frame_left/frame_left_0084.png	6232017	9ec2dd68
frame_left	train_frame_left.zip	199097	spring/train/0021/frame_left/frame_left_0085.png	6232017	b3c89921
frame_left	train_frame_left.zip	199097	spring/train/0021/frame_left/frame_left_0086.png	6232017	223bb036
frame_left	train_frame_left.zip	199097	spring/train/0021/frame_left/frame_left_0087.png	6232017	349569fb
frame_left	train_frame_left.zip	199097	spring/train/0021/frame_left/frame_left_0088.png	6232017	bf1ec600
frame_left	train_frame_left.zip	199097	spring/train/0021/frame_left/frame_left_0089.png	6232017	ddec1125
frame_left	train_frame_left.zip	199097	spring/train/0021/frame_left/frame_left_0090.png	6232017	87370e6e
frame_left	train_frame_left.zip	199097	spring/train/0021/frame_left/frame_left_0091.png	6232017	9fc85786
frame_left	train_frame_left.zip	199097	spring/train/0021/frame_left/frame_left_0092.png	6232017	c21e88bb
frame_left	train_frame_left.zip	199097	spring/train/0021/frame_left/frame_left_0093.png	6232017	a2210c48
frame_left	train_frame_left.zip	199097	spring/train/0021/frame_left/frame_left_0094.png	6232017	154b2f4c
frame_left	train_frame_left.zip	199097	spring/train/0021/frame_left/frame_left_0095.png	6232017	3166754a
frame_left	train_frame_left.zip	199097	spring/train/0021/frame_left/frame_left_0096.png	6232017	84255b07
frame_left	train_frame_left.zip	199097	spring/train/0021/frame_left/frame_left_0097.png	6232017	05a1f974
frame_left	train_frame_left.zip	199097	spring/train/0021/frame_left/frame_left_0098.png	6232017	3fe82bd6
frame_left	train_frame_left.zip	199097	spring/train/0021/frame_left/frame_left_0099.png	6232017	035ad205
frame_left	train_frame_left.zip	199097	spring/train/0021/frame_left/frame_left_0100.png	6232017	11f99cbd
frame_left	train_frame_left.zip	199097	spring/train/0021/frame_left/frame_left_0101.png	6232017	6fc4a6e9
frame_left	train_frame_left.zip	199097	spring/train/0021/frame_left/frame_left_0102.png	6232017	520665d5
frame_left	train_frame_left.zip	199097	spring/train/0021/frame_left/frame_left_0103.png	6232017	058a3fd3
frame_left	train_frame_left.zip	199097	spring/train/0021/frame_left/frame_left_0104.png	6232017	d27cfbeb
frame_left	train_frame_left.zip	199097	spring/train/0021/frame_left/frame_left_0105.png	6232017	348b4e67
frame_left	train_frame_left.zip	199097	spring/train/0021/frame_left/frame_left_0106.png	6232017	8380fe38
frame_left	train_frame_left.zip	199097	spring/train/0021/frame_left/frame_left_0107.png	6232017	9b5f28f6
frame_left	train_frame_left.zip	199097	spring/train/0021/frame_left/frame_left_0108.png	6232017	b30566ea
frame_left	train_frame_left.zip	199097	spring/train/0021/frame_left/frame_left_0109.png	6232017	0d77e4b0
frame_left	train_frame_left.zip	199097	spring/train/0021/frame_left/frame_left_0110.png	6232017	5e58d6e7
frame_left	train_frame_left.zip	199097	spring/train/0021/frame_left/frame_left_0111.png	6232017	6be49959
frame_left	train_frame_left.zip	199097	spring/train/0021/frame_left/frame_left_0112.png	6232017	5e06927d
frame_left	train_frame_left.zip	199097	spring/train/0021/frame_left/frame_left_0113.png	6232017	b431615c
frame_left	train_frame_left.zip	199097	spring/train/0021/frame_left/frame_left_0114.png	6232017	d1826d2e
frame_left	train_frame_left.zip	199097	spring/train/0021/frame_left/frame_left_0115.png	6232017	44827b70
frame_left	train_frame_left.zip	199097	spring/train/0021/frame_left/frame_left_0116.png	6232017	937d6d7e
frame_left	train_frame_left.zip	199097	spring/train/0021/frame_left/frame_left_0117.png	6232017	ec30e9dd
frame_left	train_frame_left.zip	199097	spring/train/0021/frame_left/frame_left_0118.png	6232017	74f11ed9
frame_left	train_frame_left.zip	199097	spring/train/0021/frame_left/frame_left_0119.png	6232017	d9762a98
frame_left	train_frame_left.zip	199097	spring/train/0021/frame_left/frame_left_0120.png	6232017	b50523c5
frame_left	train_frame_left.zip	199097	spring/train/0021/frame_left/frame_left_0121.png	6232017	fbe723d9
frame_left	train_frame_left.zip	199097	spring/train/0021/frame_left/frame_left_0122.png	6232017	41b93586
frame_left	train_frame_left.zip	199097	spring/train/0021/frame_left/frame_left_0123.png	6232017	71ac99a9
frame_left	train_frame_left.zip	199097	spring/train/0021/frame_left/frame_left_0124.png	6232017	846b273b
frame_left	train_frame_left.zip	199097	spring/train/0021/frame_left/frame_left_0125.png	6232017	04f60f31
frame_left	train_frame_left.zip	199097	spring/train/0021/frame_left/frame_left_0126.png	6232017	7774f687
frame_left	train_frame_left.zip	199097	spring/train/0021/frame_left/frame_left_0127.png	6232017	bf3ef640
frame_left	train_frame_left.zip	199097	spring/train/0021/frame_left/frame_left_0128.png	6232017	1dd6fec6
frame_left	train_frame_left.zip	199097	spring/train/0021/frame_left/frame_left_0129.png	6232017	d24d3be7
frame_left	train_frame_left.zip	199097	spring/train/0021/frame_left/frame_left_0130.png	6232017	e2306100
frame_left	train_frame_left.zip	199097	spring/train/0021/frame_left/frame_left_0131.png	6232017	ff85df98
frame_left	train_frame_left.zip	199097	spring/train/0021/frame_left/frame_left_0132.png	6232017	dccb60d0
frame_left	train_frame_left.zip	199097	spring/train/0021/frame_left/frame_left_0133.png	6232017	c0fae30b
frame_left	train_frame_left.zip	199097	spring/train/0021/frame_left/frame_left_0134.png	6232017	6d1aeefa
frame_left	train_frame_left.zip	199097	spring/train/0021/frame_left/frame_left_0135.png	6232017	ac7c9303
frame_left	train_frame_left.zip	199097	spring/train/0021/frame_left/frame_left_0136.png	6232017	ecf7f5d7
frame_left	train_frame_left.zip	199097	spring/train/0021/frame_left/frame_left_0137.png	6232017	a726b72d
frame_left	train_frame_left.zip	199097	spring/train/0021/frame_left/frame_left_0138.png	6232017	1030cbc6
frame_left	train_frame_left.zip	199097	spring/train/0021/frame_left/frame_left_0139.png	6232017	959a3386
frame_left	train_frame_left.zip	199097	spring/train/0021/frame_left/frame_left_0140.png	6232017	694f7418
frame_left	train_frame_left.zip	199097	spring/train/0021/frame_left/frame_left_0141.png	6232017	bec1a5cb
frame_left	train_frame_left.zip	199097	spring/train/0021/frame_left/frame_left_0142.png	6232017	aaaccab9
frame_left	train_frame_left.zip	199097	spring/train/0021/frame_left/frame_left_0143.png	6232017	594635f1
frame_left	train_frame_left.zip	199097	spring/train/0021/frame_left/frame_left_0144.png	6232017	ea70e20a
frame_left	train_frame_left.zip	199097	spring/train/0021/frame_left/frame_left_0145.png	6232017	52353fcd
frame_left	train_frame_left.zip	199097	spring/train/0021/frame_left/frame_left_0146.png	6232017	c2d64469
frame_left	train_frame_left.zip	199097	spring/train/0021/frame_left/frame_left_0147.png	6232017	181cf8e5
frame_left	train_frame_left.zip	199097	spring/train/0021/frame_left/frame_left_0148.png	6232017	7c341b7a
frame_left	train_frame_left.zip	199097	spring/train/0021/frame_left/frame_left_0149.png	6232017	557c949c
frame_left	train_frame_left.zip	199097	spring/train/0021/frame_left/frame_left_0150.png	6232017	e20f44d9
frame_left	train_frame_left.zip	199097	spring/train/0021/frame_left/frame_left_0151.png	6232017	d01c812c
frame_left	train_frame_left.zip	199097	spring/train/0021/frame_left/frame_left_0152.png	6232017	4ab89e18
frame_left	train_frame_left.zip	199097	spring/train/0021/frame_left/frame_left_0153.png	6232017	57fe7b5d
frame_left	train_frame_left.zip	199097	spring/train/0021/frame_left/frame_left_0154.png	6232017	63215dd8
frame_left	train_frame_left.zip	199097	spring/train/0021/frame_left/frame_left_0155.png	6232017	990419e2
frame_left	train_frame_left.zip	199097	spring/train/0021/frame_left/frame_left_0156.png	6232017	25e42181
frame_left	train_frame_left.zip	199097	spring/train/0021/frame_left/frame_left_0157.png	6232017	74daa5f8
frame_left	train_frame_left.zip	199097	spring/train/0021/frame_left/frame_left_0158.png	6232017	47bfdaf2
frame_left	train_frame_left.zip	199097	spring/train/0021/frame_left/frame_left_0159.png	6232017	0250d3be
frame_left	train_frame_left.zip	199097	spring/train/0021/frame_left/frame_left_0160.png	6232017	03839313
frame_left	train_frame_left.zip	199097	spring/train/0021/frame_left/frame_left_0161.png	6232017	812062ea
frame_left	train_frame_left.zip	199097	spring/train/0021/frame_left/frame_left_0162.png	6232017	1cf3b2e9
frame_left	train_frame_left.zip	199097	spring/train/0021/frame_left/frame_left_0163.png	6232017	0ddeb510
frame_left	train_frame_left.zip	199097	spring/train/0021/frame_left/frame_left_0164.png	6232017	6ee4fb7b
frame_left	train_frame_left.zip	199097	spring/train/0021/frame_left/frame_left_0165.png	6232017	8959c3ee
frame_left	train_frame_left.zip	199097	spring/train/0021/frame_left/frame_left_0166.png	6232017	2a03d6a0
frame_left	train_frame_left.zip	199097	spring/train/0021/frame_left/frame_left_0167.png	6232017	7a467fef
frame_left	train_frame_left.zip	199097	spring/train/0021/frame_left/frame_left_0168.png	6232017	8fadfcd7
frame_left	train_frame_left.zip	199097	spring/train/0021/frame_left/frame_left_0169.png	6232017	6ca9fce6
frame_left	train_frame_left.zip	199097	spring/train/0021/frame_left/frame_left_0170.png	6232017	cf345b60
frame_left	train_frame_left.zip	199097	spring/train/0021/frame_left/frame_left_0171.png	6232017	d0579047
frame_left	train_frame_left.zip	199097	spring/train/0021/frame_left/frame_left_0172.png	6232017	e2221659
frame_left	train_frame_left.zip	199097	spring/train/0021/frame_left/frame_left_0173.png	6232017	1a8af4b9
frame_left	train_frame_left.zip	199097	spring/train/0021/frame_left/frame_left_0174.png	6232017	8aaa1a9f
frame_left	train_frame_left.zip	199097	spring/train/0021/frame_left/frame_left_0175.png	6232017	477c94d1
frame_left	train_frame_left.zip	199097	spring/train/0021/frame_left/frame_left_0176.png	6232017	00dabd72
frame_left	train_frame_left.zip	199097	spring/train/0021/frame_left/frame_left_0177.png	6232017	cf3d8158
frame_left	train_frame_left.zip	199097	spring/train/0021/frame_left/frame_left_0178.png	6232017	eb1feb09
frame_left	train_frame_left.zip	199097	spring/train/0021/frame_left/frame_left_0179.png	6232017	9ed23f62
frame_left	train_frame_left.zip	199097	spring/train/0021/frame_left/frame_left_0180.png	6232017	29f7978a
frame_left	train_frame_left.zip	199097	spring/train/0021/frame_left/frame_left_0181.png	6232017	7f704b7b
frame_left	train_frame_left.zip	199097	spring/train/0021/frame_left/frame_left_0182.png	6232017	60d9c0b2
frame_left	train_frame_left.zip	199097	spring/train/0021/frame_left/frame_left_0183.png	6232017	36994fb0
frame_left	train_frame_left.zip	199097	spring/train/0021/frame_left/frame_left_0184.png	6232017	118d165b
frame_left	train_frame_left.zip	199097	spring/train/0021/frame_left/frame_left_0185.png	6232017	dcf6f172
frame_left	train_frame_left.zip	199097	spring/train/0021/frame_left/frame_left_0186.png	6232017	8f361692
frame_left	train_frame_left.zip	199097	spring/train/0021/frame_left/frame_left_0187.png	6232017	66b0efaf
frame_left	train_frame_left.zip	199097	spring/train/0021/frame_left/frame_left_0188.png	6232017	78d27493
frame_left	train_frame_left.zip	199097	spring/train/0021/frame_left/frame_left_0189.png	6232017	f72ab8e6
frame_left	train_frame_left.zip	199097	spring/train/0021/frame_left/frame_left_0190.png	6232017	ba32997b
frame_left	train_frame_left.zip	199097	spring/train/0021/frame_left/frame_left_0191.png	6232017	5a9230f7
frame_left	train_frame_left.zip	199097	spring/train/0021/frame_left/frame_left_0192.png	6232017	abf54b91
frame_right	train_frame_right.zip	199098	spring/train/0021/frame_right/frame_right_0001.png	6232017	a6c73472
frame_right	train_frame_right.zip	199098	spring/train/0021/frame_right/frame_right_0002.png	6232017	3a832f65
frame_right	train_frame_right.zip	199098	spring/train/0021/frame_right/frame_right_0003.png	6232017	c6dfc8c2
frame_right	train_frame_right.zip	199098	spring/train/0021/frame_right/frame_right_0004.png	6232017	6e8f7bd4
frame_right	train_frame_right.zip	199098	spring/train/0021/frame_right/frame_right_0005.png	6232017	c06c4e3a
frame_right	train_frame_right.zip	199098	spring/train/0021/frame_right/frame_right_0006.png	6232017	d2a357df
frame_right	train_frame_right.zip	199098	spring/train/0021/frame_right/frame_right_0007.png	6232017	60047147
frame_right	train_frame_right.zip	199098	spring/train/0021/frame_right/frame_right_0008.png	6232017	c3e83d94
frame_right	train_frame_right.zip	199098	spring/train/0021/frame_right/frame_right_0009.png	6232017	b6ab5931
frame_right	train_frame_right.zip	199098	spring/train/0021/frame_right/frame_right_0010.png	6232017	42d9027c
frame_right	train_frame_right.zip	199098	spring/train/0021/frame_right/frame_right_0011.png	6232017	d2e73f8a
frame_right	train_frame_right.zip	199098	spring/train/0021/frame_right/frame_right_0012.png	6232017	acd59994
frame_right	train_frame_right.zip	199098	spring/train/0021/frame_right/frame_right_0013.png	6232017	f9f62b98
frame_right	train_frame_right.zip	199098	spring/train/0021/frame_right/frame_right_0014.png	6232017	4ef0146b
frame_right	train_frame_right.zip	199098	spring/train/0021/frame_right/frame_right_0015.png	6232017	c0d620cf
frame_right	train_frame_right.zip	199098	spring/train/0021/frame_right/frame_right_0016.png	6232017	7fdfc0df
frame_right	train_frame_right.zip	199098	spring/train/0021/frame_right/frame_right_0017.png	6232017	3ce64165
frame_right	train_frame_right.zip	199098	spring/train/0021/frame_right/frame_right_0018.png	6232017	14d871eb
frame_right	train_frame_right.zip	199098	spring/train/0021/frame_right/frame_right_0019.png	6232017	fd634f33
frame_right	train_frame_right.zip	199098	spring/train/0021/frame_right/frame_right_0020.png	6232017	59859666
frame_right	train_frame_right.zip	199098	spring/train/0021/frame_right/frame_right_0021.png	6232017	1b73762a
frame_right	train_frame_right.zip	199098	spring/train/0021/frame_right/frame_right_0022.png	6232017	c5c28939
frame_right	train_frame_right.zip	199098	spring/train/0021/frame_right/frame_right_0023.png	6232017	9409c64e
frame_right	train_frame_right.zip	199098	spring/train/0021/frame_right/frame_right_0024.png	6232017	9515c492
frame_right	train_frame_right.zip	199098	spring/train/0021/frame_right/frame_right_0025.png	6232017	4b6b478a
frame_right	train_frame_right.zip	199098	spring/train/0021/frame_right/frame_right_0026.png	6232017	89815282
frame_right	train_frame_right.zip	199098	spring/train/0021/frame_right/frame_right_0027.png	6232017	5b81a9cd
frame_right	train_frame_right.zip	199098	spring/train/0021/frame_right/frame_right_0028.png	6232017	c16efb11
frame_right	train_frame_right.zip	199098	spring/train/0021/frame_right/frame_right_0029.png	6232017	5f7fd1da
frame_right	train_frame_right.zip	199098	spring/train/0021/frame_right/frame_right_0030.png	6232017	34be15d6
frame_right	train_frame_right.zip	199098	spring/train/0021/frame_right/frame_right_0031.png	6232017	1a086593
frame_right	train_frame_right.zip	199098	spring/train/0021/frame_right/frame_right_0032.png	6232017	31f94fe9
frame_right	train_frame_right.zip	199098	spring/train/0021/frame_right/frame_right_0033.png	6232017	a8cb2d21
frame_right	train_frame_right.zip	199098	spring/train/0021/frame_right/frame_right_0034.png	6232017	0e400550
frame_right	train_frame_right.zip	199098	spring/train/0021/frame_right/frame_right_0035.png	6232017	51bba5cf
frame_right	train_frame_right.zip	199098	spring/train/0021/frame_right/frame_right_0036.png	6232017	efd403ac
frame_right	train_frame_right.zip	199098	spring/train/0021/frame_right/frame_right_0037.png	6232017	9dd369c1
frame_right	train_frame_right.zip	199098	spring/train/0021/frame_right/frame_right_0038.png	6232017	a189cfa8
frame_right	train_frame_right.zip	199098	spring/train/0021/frame_right/frame_right_0039.png	6232017	f33f6a7d
frame_right	train_frame_right.zip	199098	spring/train/0021/frame_right/frame_right_0040.png	6232017	c0cc64cd
frame_right	train_frame_right.zip	199098	spring/train/0021/frame_right/frame_right_0041.png	6232017	4e5da9fe
frame_right	train_frame_right.zip	199098	spring/train/0021/frame_right/frame_right_0042.png	6232017	61de2643
frame_right	train_frame_right.zip	199098	spring/train/0021/frame_right/frame_right_0043.png	6232017	952e5338
frame_right	train_frame_right.zip	199098	spring/train/0021/frame_right/frame_right_0044.png	6232017	4a2ab908
frame_right	train_frame_right.zip	199098	spring/train/0021/frame_right/frame_right_0045.png	6232017	2dd8e937
frame_right	train_frame_right.zip	199098	spring/train/0021/frame_right/frame_right_0046.png	6232017	5b6b8b69
frame_right	train_frame_right.zip	199098	spring/train/0021/frame_right/frame_right_0047.png	6232017	d3ce9140
frame_right	train_frame_right.zip	199098	spring/train/0021/frame_right/frame_right_0048.png	6232017	34187352
frame_right	train_frame_right.zip	199098	spring/train/0021/frame_right/frame_right_0049.png	6232017	39e6343f
frame_right	train_frame_right.zip	199098	spring/train/0021/frame_right/frame_right_0050.png	6232017	56372dad
frame_right	train_frame_right.zip	199098	spring/train/0021/frame_right/frame_right_0051.png	6232017	0e8581b4
frame_right	train_frame_right.zip	199098	spring/train/0021/frame_right/frame_right_0052.png	6232017	cd6a97a8
frame_right	train_frame_right.zip	199098	spring/train/0021/frame_right/frame_right_0053.png	6232017	9b17160d
frame_right	train_frame_right.zip	199098	spring/train/0021/frame_right/frame_right_0054.png	6232017	2402056d
frame_right	train_frame_right.zip	199098	spring/train/0021/frame_right/frame_right_0055.png	6232017	b4e02481
frame_right	train_frame_right.zip	199098	spring/train/0021/frame_right/frame_right_0056.png	6232017	931d6042
frame_right	train_frame_right.zip	199098	spring/train/0021/frame_right/frame_right_0057.png	6232017	4d1e393e
frame_right	train_frame_right.zip	199098	spring/train/0021/frame_right/frame_right_0058.png	6232017	1f33b508
frame_right	train_frame_right.zip	199098	spring/train/0021/frame_right/frame_right_0059.png	6232017	54656499
frame_right	train_frame_right.zip	199098	spring/train/0021/frame_right/frame_right_0060.png	6232017	91348a2a
frame_right	train_frame_right.zip	199098	spring/train/0021/frame_right/frame_right_0061.png	6232017	9a232ce7
frame_right	train_frame_right.zip	199098	spring/train/0021/frame_right/frame_right_0062.png	6232017	14cb6387
frame_right	train_frame_right.zip	199098	spring/train/0021/frame_right/frame_right_0063.png	6232017	054726d3
frame_right	train_frame_right.zip	199098	spring/train/0021/frame_right/frame_right_0064.png	6232017	7d81763f
frame_right	train_frame_right.zip	199098	spring/train/0021/frame_right/frame_right_0065.png	6232017	5d1fb112
frame_right	train_frame_right.zip	199098	spring/train/0021/frame_right/frame_right_0066.png	6232017	493e3155
frame_right	train_frame_right.zip	199098	spring/train/0021/frame_right/frame_right_0067.png	6232017	e0ce798e
frame_right	train_frame_right.zip	199098	spring/train/0021/frame_right/frame_right_0068.png	6232017	dc48d91c
frame_right	train_frame_right.zip	199098	spring/train/0021/frame_right/frame_right_0069.png	6232017	e517104d
frame_right	train_frame_right.zip	199098	spring/train/0021/frame_right/frame_right_0070.png	6232017	51913b98
frame_right	train_frame_right.zip	199098	spring/train/0021/frame_right/frame_right_0071.png	6232017	87f5a9f2
frame_right	train_frame_right.zip	199098	spring/train/0021/frame_right/frame_right_0072.png	6232017	272e6642
frame_right	train_frame_right.zip	199098	spring/train/0021/frame_right/frame_right_0073.png	6232017	835db771
frame_right	train_frame_right.zip	199098	spring/train/0021/frame_right/frame_right_0074.png	6232017	1ea5f081
frame_right	train_frame_right.zip	199098	spring/train/0021/frame_right/frame_right_0075.png	6232017	7319abde
frame_right	train_frame_right.zip	199098	spring/train/0021/frame_right/frame_right_0076.png	6232017	472cb6fa
frame_right	train_frame_right.zip	199098	spring/train/0021/frame_right/frame_right_0077.png	6232017	3f327802
frame_right	train_frame_right.zip	199098	spring/train/0021/frame_right/frame_right_0078.png	6232017	46e47344
frame_right	train_frame_right.zip	199098	spring/train/0021/frame_right/frame_right_0079.png	6232017	d536a248
frame_right	train_frame_right.zip	199098	spring/train/0021/frame_right/frame_right_0080.png	6232017	cf2fb0d9
frame_right	train_frame_right.zip	199098	spring/train/0021/frame_right/frame_right_0081.png	6232017	60a4faad
frame_right	train_frame_right.zip	199098	spring/train/0021/frame_right/frame_right_0082.png	6232017	4b9502a5
frame_right	train_frame_right.zip	199098	spring/train/0021/frame_right/frame_right_0083.png	6232017	df638efa
frame_right	train_frame_right.zip	199098	spring/train/0021/frame_right/frame_right_0084.png	6232017	1eea9795
frame_right	train_frame_right.zip	199098	spring/train/0021/frame_right/frame_right_0085.png	6232017	e4946782
frame_right	train_frame_right.zip	199098	spring/train/0021/frame_right/frame_right_0086.png	6232017	2588b84f
frame_right	train_frame_right.zip	199098	spring/train/0021/frame_right/frame_right_0087.png	6232017	e0902a87
frame_right	train_frame_right.zip	199098	spring/train/0021/frame_right/frame_right_0088.png	6232017	fa1d4c6c
frame_right	train_frame_right.zip	199098	spring/train/0021/frame_right/frame_right_0089.png	6232017	60e7a037
frame_right	train_frame_right.zip	199098	spring/train/0021/frame_right/frame_right_0090.png	6232017	a83ce693
frame_right	train_frame_right.zip	199098	spring/train/0021/frame_right/frame_right_0091.png	6232017	9d1d9885
frame_right	train_frame_right.zip	199098	spring/train/0021/frame_right/frame_right_0092.png	6232017	4df7ff33
frame_right	train_frame_right.zip	199098	spring/train/0021/frame_right/frame_right_0093.png	6232017	c529a323
frame_right	train_frame_right.zip	199098	spring/train/0021/frame_right/frame_right_0094.png	6232017	c34c1c93
frame_right	train_frame_right.zip	199098	spring/train/0021/frame_right/frame_right_0095.png	6232017	cf9a1fea
frame_right	train_frame_right.zip	199098	spring/train/0021/frame_right/frame_right_0096.png	6232017	21cb4f1d
frame_right	train_frame_right.zip	199098	spring/train/0021/frame_right/frame_right_0097.png	6232017	dc313196
frame_right	train_frame_right.zip	199098	spring/train/0021/frame_right/frame_right_0098.png	6232017	e6edf2c5
frame_right	train_frame_right.zip	199098	spring/train/0021/frame_right/frame_right_0099.png	6232017	9fbc8674
frame_right	train_frame_right.zip	199098	spring/train/0021/frame_right/frame_right_0100.png	6232017	caad00a9
frame_right	train_frame_right.zip	199098	spring/train/0021/frame_right/frame_right_0101.png	6232017	3c97c5ad
frame_right	train_frame_right.zip	199098	spring/train/0021/frame_right/frame_right_0102.png	6232017	6ce1dbc4
frame_right	train_frame_right.zip	199098	spring/train/0021/frame_right/frame_right_0103.png	6232017	19d30af2
frame_right	train_frame_right.zip	199098	spring/train/0021/frame_right/frame_right_0104.png	6232017	82cf3a50
frame_right	train_frame_right.zip	199098	spring/train/0021/frame_right/frame_right_0105.png	6232017	35777e78
frame_right	train_frame_right.zip	199098	spring/train/0021/frame_right/frame_right_0106.png	6232017	2a9536bf
frame_right	train_frame_right.zip	199098	spring/train/0021/frame_right/frame_right_0107.png	6232017	2a0885e1
frame_right	train_frame_right.zip	199098	spring/train/0021/frame_right/frame_right_0108.png	6232017	ecc09a9e
frame_right	train_frame_right.zip	199098	spring/train/0021/frame_right/frame_right_0109.png	6232017	6b6f3a8a
frame_right	train_frame_right.zip	199098	spring/train/0021/frame_right/frame_right_0110.png	6232017	47695e43
frame_right	train_frame_right.zip	199098	spring/train/0021/frame_right/frame_right_0111.png	6232017	6d29d4cc
frame_right	train_frame_right.zip	199098	spring/train/0021/frame_right/frame_right_0112.png	6232017	afbc9c47
frame_right	train_frame_right.zip	199098	spring/train/0021/frame_right/frame_right_0113.png	6232017	c5d7b507
frame_right	train_frame_right.zip	199098	spring/train/0021/frame_right/frame_right_0114.png	6232017	24c4f97d
frame_right	train_frame_right.zip	199098	spring/train/0021/frame_right/frame_right_0115.png	6232017	8041d6c4
frame_right	train_frame_right.zip	199098	spring/train/0021/frame_right/frame_right_0116.png	6232017	5b07bd9a
frame_right	train_frame_right.zip	199098	spring/train/0021/frame_right/frame_right_0117.png	6232017	e1095b1a
frame_right	train_frame_right.zip	199098	spring/train/0021/frame_right/frame_right_0118.png	6232017	ff25afd6
frame_right	train_frame_right.zip	199098	spring/train/0021/frame_right/frame_right_0119.png	6232017	377a0d79
frame_right	train_frame_right.zip	199098	spring/train/0021/frame_right/frame_right_0120.png	6232017	6ad5f081
frame_right	train_frame_right.zip	199098	spring/train/0021/frame_right/frame_right_0121.png	6232017	b76d0842
frame_right	train_frame_right.zip	199098	spring/train/0021/frame_right/frame_right_0122.png	6232017	ac5514c2
frame_right	train_frame_right.zip	199098	spring/train/0021/frame_right/frame_right_0123.png	6232017	d0751864
frame_right	train_frame_right.zip	199098	spring/train/0021/frame_right/frame_right_0124.png	6232017	bbb00a9b
frame_right	train_frame_right.zip	199098	spring/train/0021/frame_right/frame_right_0125.png	6232017	29d00449
frame_right	train_frame_right.zip	199098	spring/train/0021/frame_right/frame_right_0126.png	6232017	41c83993
frame_right	train_frame_right.zip	199098	spring/train/0021/frame_right/frame_right_0127.png	6232017	96c8b5ea
frame_right	train_frame_right.zip	199098	spring/train/0021/frame_right/frame_right_0128.png	6232017	51382de3
frame_right	train_frame_right.zip	199098	spring/train/0021/frame_right/frame_right_0129.png	6232017	692223fe
frame_right	train_frame_right.zip	199098	spring/train/0021/frame_right/frame_right_0130.png	6232017	c6ba76d7
frame_right	train_frame_right.zip	199098	spring/train/0021/frame_right/frame_right_0131.png	6232017	262e60a6
frame_right	train_frame_right.zip	199098	spring/train/0021/frame_right/frame_right_0132.png	6232017	ce4678bf
frame_right	train_frame_right.zip	199098	spring/train/0021/frame_right/frame_right_0133.png	6232017	08a751dd
frame_right	train_frame_right.zip	199098	spring/train/0021/frame_right/frame_right_0134.png	6232017	b0465c7c
frame_right	train_frame_right.zip	199098	spring/train/0021/frame_right/frame_right_0135.png	6232017	c9073455
frame_right	train_frame_right.zip	199098	spring/train/0021/frame_right/frame_right_0136.png	6232017	eb472b3c
frame_right	train_frame_right.zip	199098	spring/train/0021/frame_right/frame_right_0137.png	6232017	1d84be0a
frame_right	train_frame_right.zip	199098	spring/train/0021/frame_right/frame_right_0138.png	6232017	f37d061b
frame_right	train_frame_right.zip	199098	spring/train/0021/frame_right/frame_right_0139.png	6232017	67daeeaf
frame_right	train_frame_right.zip	199098	spring/train/0021/frame_right/frame_right_0140.png	6232017	8e35324a
frame_right	train_frame_right.zip	199098	spring/train/0021/frame_right/frame_right_0141.png	6232017	9b386c84
frame_right	train_frame_right.zip	199098	spring/train/0021/frame_right/frame_right_0142.png	6232017	e3dc507f
frame_right	train_frame_right.zip	199098	spring/train/0021/frame_right/frame_right_0143.png	6232017	63f4a0ac
frame_right	train_frame_right.zip	199098	spring/train/0021/frame_right/frame_right_0144.png	6232017	86fa08ae
frame_right	train_frame_right.zip	199098	spring/train/0021/frame_right/frame_right_0145.png	6232017	9125239e
frame_right	train_frame_right.zip	199098	spring/train/0021/frame_right/frame_right_0146.png	6232017	93b94be1
frame_right	train_frame_right.zip	199098	spring/train/0021/frame_right/frame_right_0147.png	6232017	00d0c664
frame_right	train_frame_right.zip	199098	spring/train/0021/frame_right/frame_right_0148.png	6232017	ffecf703
frame_right	train_frame_right.zip	199098	spring/train/0021/frame_right/frame_right_0149.png	6232017	b6b4afae
frame_right	train_frame_right.zip	199098	spring/train/0021/frame_right/frame_right_0150.png	6232017	937c9da9
frame_right	train_frame_right.zip	199098	spring/train/0021/frame_right/frame_right_0151.png	6232017	3e279b4e
frame_right	train_frame_right.zip	199098	spring/train/0021/frame_right/frame_right_0152.png	6232017	4b2cd2c1
frame_right	train_frame_right.zip	199098	spring/train/0021/frame_right/frame_right_0153.png	6232017	aa7cc726
frame_right	train_frame_right.zip	199098	spring/train/0021/frame_right/frame_right_0154.png	6232017	9700647f
frame_right	train_frame_right.zip	199098	spring/train/0021/frame_right/frame_right_0155.png	6232017	e4d813df
frame_right	train_frame_right.zip	199098	spring/train/0021/frame_right/frame_right_0156.png	6232017	7f570b36
frame_right	train_frame_right.zip	199098	spring/train/0021/frame_right/frame_right_0157.png	6232017	19e0cd4b
frame_right	train_frame_right.zip	199098	spring/train/0021/frame_right/frame_right_0158.png	6232017	d099ac20
frame_right	train_frame_right.zip	199098	spring/train/0021/frame_right/frame_right_0159.png	6232017	9c547106
frame_right	train_frame_right.zip	199098	spring/train/0021/frame_right/frame_right_0160.png	6232017	f91c464d
frame_right	train_frame_right.zip	199098	spring/train/0021/frame_right/frame_right_0161.png	6232017	23979439
frame_right	train_frame_right.zip	199098	spring/train/0021/frame_right/frame_right_0162.png	6232017	87e347ee
frame_right	train_frame_right.zip	199098	spring/train/0021/frame_right/frame_right_0163.png	6232017	d916cebf
frame_right	train_frame_right.zip	199098	spring/train/0021/frame_right/frame_right_0164.png	6232017	b87a7099
frame_right	train_frame_right.zip	199098	spring/train/0021/frame_right/frame_right_0165.png	6232017	fc6eb2f3
frame_right	train_frame_right.zip	199098	spring/train/0021/frame_right/frame_right_0166.png	6232017	9d3715c3
frame_right	train_frame_right.zip	199098	spring/train/0021/frame_right/frame_right_0167.png	6232017	e73562f6
frame_right	train_frame_right.zip	199098	spring/train/0021/frame_right/frame_right_0168.png	6232017	5496cafc
frame_right	train_frame_right.zip	199098	spring/train/0021/frame_right/frame_right_0169.png	6232017	68c39ada
frame_right	train_frame_right.zip	199098	spring/train/0021/frame_right/frame_right_0170.png	6232017	1dcf42ab
frame_right	train_frame_right.zip	199098	spring/train/0021/frame_right/frame_right_0171.png	6232017	04f6145f
frame_right	train_frame_right.zip	199098	spring/train/0021/frame_right/frame_right_0172.png	6232017	dc887af1
frame_right	train_frame_right.zip	199098	spring/train/0021/frame_right/frame_right_0173.png	6232017	fdfa3bfd
frame_right	train_frame_right.zip	199098	spring/train/0021/frame_right/frame_right_0174.png	6232017	98117158
frame_right	train_frame_right.zip	199098	spring/train/0021/frame_right/frame_right_0175.png	6232017	f2df4584
frame_right	train_frame_right.zip	199098	spring/train/0021/frame_right/frame_right_0176.png	6232017	b19c973f
frame_right	train_frame_right.zip	199098	spring/train/0021/frame_right/frame_right_0177.png	6232017	d4d4493d
frame_right	train_frame_right.zip	199098	spring/train/0021/frame_right/frame_right_0178.png	6232017	b8608080
frame_right	train_frame_right.zip	199098	spring/train/0021/frame_right/frame_right_0179.png	6232017	58905acb
frame_right	train_frame_right.zip	199098	spring/train/0021/frame_right/frame_right_0180.png	6232017	611d435b
frame_right	train_frame_right.zip	199098	spring/train/0021/frame_right/frame_right_0181.png	6232017	f9d6ebc0
frame_right	train_frame_right.zip	199098	spring/train/0021/frame_right/frame_right_0182.png	6232017	2275d33a
frame_right	train_frame_right.zip	199098	spring/train/0021/frame_right/frame_right_0183.png	6232017	378d3f62
frame_right	train_frame_right.zip	199098	spring/train/0021/frame_right/frame_right_0184.png	6232017	184a26d7
frame_right	train_frame_right.zip	199098	spring/train/0021/frame_right/frame_right_0185.png	6232017	33310f92
frame_right	train_frame_right.zip	199098	spring/train/0021/frame_right/frame_right_0186.png	6232017	377d407f
frame_right	train_frame_right.zip	199098	spring/train/0021/frame_right/frame_right_0187.png	6232017	9f8c90fa
frame_right	train_frame_right.zip	199098	spring/train/0021/frame_right/frame_right_0188.png	6232017	59d84c85
frame_right	train_frame_right.zip	199098	spring/train/0021/frame_right/frame_right_0189.png	6232017	c642937e
frame_right	train_frame_right.zip	199098	spring/train/0021/frame_right/frame_right_0190.png	6232017	b8de9d93
frame_right	train_frame_right.zip	199098	spring/train/0021/frame_right/frame_right_0191.png	6232017	8a22eb37
frame_right	train_frame_right.zip	199098	spring/train/0021/frame_right/frame_right_0192.png	6232017	b24f689f
